"graph_id","feat","label"
0,"0.29758488526527194,0.44301129592167565,0.9756288336434265",0
1,"0.3023851596090451,0.5907426903461427,0.6705858948848967",0
