graph_id,feat,label
0,"0.7426272601929126,0.5197462471155317,0.8149104951283953",0
1,"0.534822233529295,0.2863627767733977,0.1154897249106891",0
